ts,fonte,gps_hora,v_solar,i_solar,pot_solar,soc,v_bat,i_liq,rpm,i_motor,t_motor,t_ctrl,vel,lat,lon,sats,falha_ctrl,pkt_seq,sig_lora,sig_lte
19:43:49,LTE,12:00:00,48.2,5.0,241,98.5,53.1,-3.5,1500,8.5,45,38,15.5,-3.11902,-60.02173,10,0,1101,-80,22
19:43:50,LTE,12:00:00,48.2,5.0,241,98.5,53.1,-3.5,1500,8.5,45,38,15.5,-3.11902,-60.02173,10,0,1102,-80,22
19:43:51,LTE,12:00:00,48.2,5.0,241,98.5,53.1,-3.5,1500,8.5,45,38,15.5,-3.11902,-60.02173,10,0,1103,-80,22
19:43:52,LTE,12:00:00,48.2,5.0,241,98.5,53.1,-3.5,1500,8.5,45,38,15.5,-3.11902,-60.02173,10,0,1104,-80,22
19:43:53,LTE,12:00:00,48.2,5.0,241,98.5,53.1,-3.5,1500,8.5,45,38,15.5,-3.11902,-60.02173,10,0,1105,-80,22
19:43:54,LTE,12:00:00,48.2,5.0,241,98.5,53.1,-3.5,1500,8.5,45,38,15.5,-3.11902,-60.02173,10,0,1106,-80,22
19:43:55,LTE,12:00:00,48.2,5.0,241,98.5,53.1,-3.5,1500,8.5,45,38,15.5,-3.11902,-60.02173,10,0,1107,-80,22
19:43:56,LTE,12:00:00,48.2,5.0,241,98.5,53.1,-3.5,1500,8.5,45,38,15.5,-3.11902,-60.02173,10,0,1108,-80,22
19:43:57,LTE,12:00:00,48.2,5.0,241,98.5,53.1,-3.5,1500,8.5,45,38,15.5,-3.11902,-60.02173,10,0,1109,-80,22
19:43:58,LTE,12:00:00,48.2,5.0,241,98.5,53.1,-3.5,1500,8.5,45,38,15.5,-3.11902,-60.02173,10,0,1110,-80,22
19:43:59,LTE,12:00:00,48.2,5.0,241,98.5,53.1,-3.5,1500,8.5,45,38,15.5,-3.11902,-60.02173,10,0,1111,-80,22
19:44:00,LTE,12:00:00,48.2,5.0,241,98.5,53.1,-3.5,1500,8.5,45,38,15.5,-3.11902,-60.02173,10,0,1112,-80,22
19:44:01,LTE,12:00:00,48.2,5.0,241,98.5,53.1,-3.5,1500,8.5,45,38,15.5,-3.11902,-60.02173,10,0,1113,-80,22
19:44:02,LTE,12:00:00,48.2,5.0,241,98.5,53.1,-3.5,1500,8.5,45,38,15.5,-3.11902,-60.02173,10,0,1114,-80,22
19:44:03,LTE,12:00:00,48.2,5.0,241,98.5,53.1,-3.5,1500,8.5,45,38,15.5,-3.11902,-60.02173,10,0,1115,-80,22
19:44:04,LTE,12:00:00,48.2,5.0,241,98.5,53.1,-3.5,1500,8.5,45,38,15.5,-3.11902,-60.02173,10,0,1116,-80,22
19:44:05,LTE,12:00:00,48.2,5.0,241,98.5,53.1,-3.5,1500,8.5,45,38,15.5,-3.11902,-60.02173,10,0,1117,-80,22
19:44:06,LTE,12:00:00,48.2,5.0,241,98.5,53.1,-3.5,1500,8.5,45,38,15.5,-3.11902,-60.02173,10,0,1118,-80,22
19:44:07,LTE,12:00:00,48.2,5.0,241,98.5,53.1,-3.5,1500,8.5,45,38,15.5,-3.11902,-60.02173,10,0,1119,-80,22
19:44:08,LTE,12:00:00,48.2,5.0,241,98.5,53.1,-3.5,1500,8.5,45,38,15.5,-3.11902,-60.02173,10,0,1120,-80,22
19:44:09,LTE,12:00:00,48.2,5.0,241,98.5,53.1,-3.5,1500,8.5,45,38,15.5,-3.11902,-60.02173,10,0,1121,-80,22
19:44:10,LTE,12:00:00,48.2,5.0,241,98.5,53.1,-3.5,1500,8.5,45,38,15.5,-3.11902,-60.02173,10,0,1122,-80,22
19:44:11,LTE,12:00:00,48.2,5.0,241,98.5,53.1,-3.5,1500,8.5,45,38,15.5,-3.11902,-60.02173,10,0,1123,-80,22
19:44:12,LTE,12:00:00,48.2,5.0,241,98.5,53.1,-3.5,1500,8.5,45,38,15.5,-3.11902,-60.02173,10,0,1124,-80,22
19:44:13,LTE,12:00:00,48.2,5.0,241,98.5,53.1,-3.5,1500,8.5,45,38,15.5,-3.11902,-60.02173,10,0,1125,-80,22
19:44:14,LTE,12:00:00,48.2,5.0,241,98.5,53.1,-3.5,1500,8.5,45,38,15.5,-3.11902,-60.02173,10,0,1126,-80,22
19:44:15,LTE,12:00:00,48.2,5.0,241,98.5,53.1,-3.5,1500,8.5,45,38,15.5,-3.11902,-60.02173,10,0,1127,-80,22
19:44:16,LTE,12:00:00,48.2,5.0,241,98.5,53.1,-3.5,1500,8.5,45,38,15.5,-3.11902,-60.02173,10,0,1128,-80,22
19:44:17,LTE,12:00:00,48.2,5.0,241,98.5,53.1,-3.5,1500,8.5,45,38,15.5,-3.11902,-60.02173,10,0,1129,-80,22
19:44:18,LTE,12:00:00,48.2,5.0,241,98.5,53.1,-3.5,1500,8.5,45,38,15.5,-3.11902,-60.02173,10,0,1130,-80,22
19:44:19,LTE,12:00:00,48.2,5.0,241,98.5,53.1,-3.5,1500,8.5,45,38,15.5,-3.11902,-60.02173,10,0,1131,-80,22
19:44:20,LTE,12:00:00,48.2,5.0,241,98.5,53.1,-3.5,1500,8.5,45,38,15.5,-3.11902,-60.02173,10,0,1132,-80,22
19:44:21,LTE,12:00:00,48.2,5.0,241,98.5,53.1,-3.5,1500,8.5,45,38,15.5,-3.11902,-60.02173,10,0,1133,-80,22
19:44:22,LTE,12:00:00,48.2,5.0,241,98.5,53.1,-3.5,1500,8.5,45,38,15.5,-3.11902,-60.02173,10,0,1134,-80,22
19:44:23,LTE,12:00:00,48.2,5.0,241,98.5,53.1,-3.5,1500,8.5,45,38,15.5,-3.11902,-60.02173,10,0,1135,-80,22
19:44:24,LTE,12:00:00,48.2,5.0,241,98.5,53.1,-3.5,1500,8.5,45,38,15.5,-3.11902,-60.02173,10,0,1136,-80,22
19:44:25,LTE,12:00:00,48.2,5.0,241,98.5,53.1,-3.5,1500,8.5,45,38,15.5,-3.11902,-60.02173,10,0,1137,-80,22
19:44:26,LTE,12:00:00,48.2,5.0,241,98.5,53.1,-3.5,1500,8.5,45,38,15.5,-3.11902,-60.02173,10,0,1138,-80,22
19:44:27,LTE,12:00:00,48.2,5.0,241,98.5,53.1,-3.5,1500,8.5,45,38,15.5,-3.11902,-60.02173,10,0,1139,-80,22
19:44:28,LTE,12:00:00,48.2,5.0,241,98.5,53.1,-3.5,1500,8.5,45,38,15.5,-3.11902,-60.02173,10,0,1140,-80,22
19:44:29,LTE,12:00:00,48.2,5.0,241,98.5,53.1,-3.5,1500,8.5,45,38,15.5,-3.11902,-60.02173,10,0,1141,-80,22
19:44:30,LTE,12:00:00,48.2,5.0,241,98.5,53.1,-3.5,1500,8.5,45,38,15.5,-3.11902,-60.02173,10,0,1142,-80,22
19:44:31,LTE,12:00:00,48.2,5.0,241,98.5,53.1,-3.5,1500,8.5,45,38,15.5,-3.11902,-60.02173,10,0,1143,-80,22
19:44:32,LTE,12:00:00,48.2,5.0,241,98.5,53.1,-3.5,1500,8.5,45,38,15.5,-3.11902,-60.02173,10,0,1144,-80,22
19:44:33,LTE,12:00:00,48.2,5.0,241,98.5,53.1,-3.5,1500,8.5,45,38,15.5,-3.11902,-60.02173,10,0,1145,-80,22
19:44:34,LTE,12:00:00,48.2,5.0,241,98.5,53.1,-3.5,1500,8.5,45,38,15.5,-3.11902,-60.02173,10,0,1146,-80,22
19:44:35,LTE,12:00:00,48.2,5.0,241,98.5,53.1,-3.5,1500,8.5,45,38,15.5,-3.11902,-60.02173,10,0,1147,-80,22
19:44:36,LTE,12:00:00,48.2,5.0,241,98.5,53.1,-3.5,1500,8.5,45,38,15.5,-3.11902,-60.02173,10,0,1148,-80,22
19:44:37,LTE,12:00:00,48.2,5.0,241,98.5,53.1,-3.5,1500,8.5,45,38,15.5,-3.11902,-60.02173,10,0,1149,-80,22
19:44:38,LTE,12:00:00,48.2,5.0,241,98.5,53.1,-3.5,1500,8.5,45,38,15.5,-3.11902,-60.02173,10,0,1150,-80,22
19:44:39,LTE,12:00:00,48.2,5.0,241,98.5,53.1,-3.5,1500,8.5,45,38,15.5,-3.11902,-60.02173,10,0,1151,-80,22
19:44:40,LTE,12:00:00,48.2,5.0,241,98.5,53.1,-3.5,1500,8.5,45,38,15.5,-3.11902,-60.02173,10,0,1152,-80,22
19:44:42,LTE,12:00:00,48.2,5.0,241,98.5,53.1,-3.5,1500,8.5,45,38,15.5,-3.11902,-60.02173,10,0,1153,-80,22
19:44:42,LTE,12:00:00,48.2,5.0,241,98.5,53.1,-3.5,1500,8.5,45,38,15.5,-3.11902,-60.02173,10,0,1154,-80,22
19:44:43,LTE,12:00:00,48.2,5.0,241,98.5,53.1,-3.5,1500,8.5,45,38,15.5,-3.11902,-60.02173,10,0,1155,-80,22
19:44:44,LTE,12:00:00,48.2,5.0,241,98.5,53.1,-3.5,1500,8.5,45,38,15.5,-3.11902,-60.02173,10,0,1156,-80,22
19:44:45,LTE,12:00:00,48.2,5.0,241,98.5,53.1,-3.5,1500,8.5,45,38,15.5,-3.11902,-60.02173,10,0,1157,-80,22
19:44:46,LTE,12:00:00,48.2,5.0,241,98.5,53.1,-3.5,1500,8.5,45,38,15.5,-3.11902,-60.02173,10,0,1158,-80,22
19:44:47,LTE,12:00:00,48.2,5.0,241,98.5,53.1,-3.5,1500,8.5,45,38,15.5,-3.11902,-60.02173,10,0,1159,-80,22
19:44:48,LTE,12:00:00,48.2,5.0,241,98.5,53.1,-3.5,1500,8.5,45,38,15.5,-3.11902,-60.02173,10,0,1160,-80,22
19:44:49,LTE,12:00:00,48.2,5.0,241,98.5,53.1,-3.5,1500,8.5,45,38,15.5,-3.11902,-60.02173,10,0,1161,-80,22
19:44:50,LTE,12:00:00,48.2,5.0,241,98.5,53.1,-3.5,1500,8.5,45,38,15.5,-3.11902,-60.02173,10,0,1162,-80,22
19:44:51,LTE,12:00:00,48.2,5.0,241,98.5,53.1,-3.5,1500,8.5,45,38,15.5,-3.11902,-60.02173,10,0,1163,-80,22
19:44:52,LTE,12:00:00,48.2,5.0,241,98.5,53.1,-3.5,1500,8.5,45,38,15.5,-3.11902,-60.02173,10,0,1164,-80,22
19:44:53,LTE,12:00:00,48.2,5.0,241,98.5,53.1,-3.5,1500,8.5,45,38,15.5,-3.11902,-60.02173,10,0,1165,-80,22
19:44:54,LTE,12:00:00,48.2,5.0,241,98.5,53.1,-3.5,1500,8.5,45,38,15.5,-3.11902,-60.02173,10,0,1166,-80,22
19:44:55,LTE,12:00:00,48.2,5.0,241,98.5,53.1,-3.5,1500,8.5,45,38,15.5,-3.11902,-60.02173,10,0,1167,-80,22
19:44:56,LTE,12:00:00,48.2,5.0,241,98.5,53.1,-3.5,1500,8.5,45,38,15.5,-3.11902,-60.02173,10,0,1168,-80,22
19:44:57,LTE,12:00:00,48.2,5.0,241,98.5,53.1,-3.5,1500,8.5,45,38,15.5,-3.11902,-60.02173,10,0,1169,-80,22
19:44:58,LTE,12:00:00,48.2,5.0,241,98.5,53.1,-3.5,1500,8.5,45,38,15.5,-3.11902,-60.02173,10,0,1170,-80,22
19:44:59,LTE,12:00:00,48.2,5.0,241,98.5,53.1,-3.5,1500,8.5,45,38,15.5,-3.11902,-60.02173,10,0,1171,-80,22
19:45:00,LTE,12:00:00,48.2,5.0,241,98.5,53.1,-3.5,1500,8.5,45,38,15.5,-3.11902,-60.02173,10,0,1172,-80,22
19:45:01,LTE,12:00:00,48.2,5.0,241,98.5,53.1,-3.5,1500,8.5,45,38,15.5,-3.11902,-60.02173,10,0,1173,-80,22
19:45:02,LTE,12:00:00,48.2,5.0,241,98.5,53.1,-3.5,1500,8.5,45,38,15.5,-3.11902,-60.02173,10,0,1174,-80,22
19:45:03,LTE,12:00:00,48.2,5.0,241,98.5,53.1,-3.5,1500,8.5,45,38,15.5,-3.11902,-60.02173,10,0,1175,-80,22
19:45:04,LTE,12:00:00,48.2,5.0,241,98.5,53.1,-3.5,1500,8.5,45,38,15.5,-3.11902,-60.02173,10,0,1176,-80,22
19:45:05,LTE,12:00:00,48.2,5.0,241,98.5,53.1,-3.5,1500,8.5,45,38,15.5,-3.11902,-60.02173,10,0,1177,-80,22
19:45:06,LTE,12:00:00,48.2,5.0,241,98.5,53.1,-3.5,1500,8.5,45,38,15.5,-3.11902,-60.02173,10,0,1178,-80,22
19:45:07,LTE,12:00:00,48.2,5.0,241,98.5,53.1,-3.5,1500,8.5,45,38,15.5,-3.11902,-60.02173,10,0,1179,-80,22
19:45:08,LTE,12:00:00,48.2,5.0,241,98.5,53.1,-3.5,1500,8.5,45,38,15.5,-3.11902,-60.02173,10,0,1180,-80,22
19:45:09,LTE,12:00:00,48.2,5.0,241,98.5,53.1,-3.5,1500,8.5,45,38,15.5,-3.11902,-60.02173,10,0,1181,-80,22
19:45:10,LTE,12:00:00,48.2,5.0,241,98.5,53.1,-3.5,1500,8.5,45,38,15.5,-3.11902,-60.02173,10,0,1182,-80,22
19:45:11,LTE,12:00:00,48.2,5.0,241,98.5,53.1,-3.5,1500,8.5,45,38,15.5,-3.11902,-60.02173,10,0,1183,-80,22
19:45:12,LTE,12:00:00,48.2,5.0,241,98.5,53.1,-3.5,1500,8.5,45,38,15.5,-3.11902,-60.02173,10,0,1184,-80,22
19:45:13,LTE,12:00:00,48.2,5.0,241,98.5,53.1,-3.5,1500,8.5,45,38,15.5,-3.11902,-60.02173,10,0,1185,-80,22
19:45:14,LTE,12:00:00,48.2,5.0,241,98.5,53.1,-3.5,1500,8.5,45,38,15.5,-3.11902,-60.02173,10,0,1186,-80,22
19:45:15,LTE,12:00:00,48.2,5.0,241,98.5,53.1,-3.5,1500,8.5,45,38,15.5,-3.11902,-60.02173,10,0,1187,-80,22
19:45:16,LTE,12:00:00,48.2,5.0,241,98.5,53.1,-3.5,1500,8.5,45,38,15.5,-3.11902,-60.02173,10,0,1188,-80,22
19:45:17,LTE,12:00:00,48.2,5.0,241,98.5,53.1,-3.5,1500,8.5,45,38,15.5,-3.11902,-60.02173,10,0,1189,-80,22
19:45:18,LTE,12:00:00,48.2,5.0,241,98.5,53.1,-3.5,1500,8.5,45,38,15.5,-3.11902,-60.02173,10,0,1190,-80,22
19:45:19,LTE,12:00:00,48.2,5.0,241,98.5,53.1,-3.5,1500,8.5,45,38,15.5,-3.11902,-60.02173,10,0,1191,-80,22
19:45:20,LTE,12:00:00,48.2,5.0,241,98.5,53.1,-3.5,1500,8.5,45,38,15.5,-3.11902,-60.02173,10,0,1192,-80,22
19:45:21,LTE,12:00:00,48.2,5.0,241,98.5,53.1,-3.5,1500,8.5,45,38,15.5,-3.11902,-60.02173,10,0,1193,-80,22
19:45:22,LTE,12:00:00,48.2,5.0,241,98.5,53.1,-3.5,1500,8.5,45,38,15.5,-3.11902,-60.02173,10,0,1194,-80,22
19:45:23,LTE,12:00:00,48.2,5.0,241,98.5,53.1,-3.5,1500,8.5,45,38,15.5,-3.11902,-60.02173,10,0,1195,-80,22
19:45:24,LTE,12:00:00,48.2,5.0,241,98.5,53.1,-3.5,1500,8.5,45,38,15.5,-3.11902,-60.02173,10,0,1196,-80,22
19:45:25,LTE,12:00:00,48.2,5.0,241,98.5,53.1,-3.5,1500,8.5,45,38,15.5,-3.11902,-60.02173,10,0,1197,-80,22
19:45:26,LTE,12:00:00,48.2,5.0,241,98.5,53.1,-3.5,1500,8.5,45,38,15.5,-3.11902,-60.02173,10,0,1198,-80,22
19:45:27,LTE,12:00:00,48.2,5.0,241,98.5,53.1,-3.5,1500,8.5,45,38,15.5,-3.11902,-60.02173,10,0,1199,-80,22
19:45:28,LTE,12:00:00,48.2,5.0,241,98.5,53.1,-3.5,1500,8.5,45,38,15.5,-3.11902,-60.02173,10,0,1200,-80,22
19:45:29,LTE,12:00:00,48.2,5.0,241,98.5,53.1,-3.5,1500,8.5,45,38,15.5,-3.11902,-60.02173,10,0,1201,-80,22
19:45:30,LTE,12:00:00,48.2,5.0,241,98.5,53.1,-3.5,1500,8.5,45,38,15.5,-3.11902,-60.02173,10,0,1202,-80,22
19:45:31,LTE,12:00:00,48.2,5.0,241,98.5,53.1,-3.5,1500,8.5,45,38,15.5,-3.11902,-60.02173,10,0,1203,-80,22
19:45:32,LTE,12:00:00,48.2,5.0,241,98.5,53.1,-3.5,1500,8.5,45,38,15.5,-3.11902,-60.02173,10,0,1204,-80,22
19:45:33,LTE,12:00:00,48.2,5.0,241,98.5,53.1,-3.5,1500,8.5,45,38,15.5,-3.11902,-60.02173,10,0,1205,-80,22
19:45:34,LTE,12:00:00,48.2,5.0,241,98.5,53.1,-3.5,1500,8.5,45,38,15.5,-3.11902,-60.02173,10,0,1206,-80,22
19:45:35,LTE,12:00:00,48.2,5.0,241,98.5,53.1,-3.5,1500,8.5,45,38,15.5,-3.11902,-60.02173,10,0,1207,-80,22
19:45:36,LTE,12:00:00,48.2,5.0,241,98.5,53.1,-3.5,1500,8.5,45,38,15.5,-3.11902,-60.02173,10,0,1208,-80,22
19:45:37,LTE,12:00:00,48.2,5.0,241,98.5,53.1,-3.5,1500,8.5,45,38,15.5,-3.11902,-60.02173,10,0,1209,-80,22
19:45:38,LTE,12:00:00,48.2,5.0,241,98.5,53.1,-3.5,1500,8.5,45,38,15.5,-3.11902,-60.02173,10,0,1210,-80,22
19:45:39,LTE,12:00:00,48.2,5.0,241,98.5,53.1,-3.5,1500,8.5,45,38,15.5,-3.11902,-60.02173,10,0,1211,-80,22
19:45:40,LTE,12:00:00,48.2,5.0,241,98.5,53.1,-3.5,1500,8.5,45,38,15.5,-3.11902,-60.02173,10,0,1212,-80,22
19:45:41,LTE,12:00:00,48.2,5.0,241,98.5,53.1,-3.5,1500,8.5,45,38,15.5,-3.11902,-60.02173,10,0,1213,-80,22
19:45:42,LTE,12:00:00,48.2,5.0,241,98.5,53.1,-3.5,1500,8.5,45,38,15.5,-3.11902,-60.02173,10,0,1214,-80,22
19:45:43,LTE,12:00:00,48.2,5.0,241,98.5,53.1,-3.5,1500,8.5,45,38,15.5,-3.11902,-60.02173,10,0,1215,-80,22
19:45:44,LTE,12:00:00,48.2,5.0,241,98.5,53.1,-3.5,1500,8.5,45,38,15.5,-3.11902,-60.02173,10,0,1216,-80,22
19:45:45,LTE,12:00:00,48.2,5.0,241,98.5,53.1,-3.5,1500,8.5,45,38,15.5,-3.11902,-60.02173,10,0,1217,-80,22
19:45:46,LTE,12:00:00,48.2,5.0,241,98.5,53.1,-3.5,1500,8.5,45,38,15.5,-3.11902,-60.02173,10,0,1218,-80,22
19:45:47,LTE,12:00:00,48.2,5.0,241,98.5,53.1,-3.5,1500,8.5,45,38,15.5,-3.11902,-60.02173,10,0,1219,-80,22
19:45:48,LTE,12:00:00,48.2,5.0,241,98.5,53.1,-3.5,1500,8.5,45,38,15.5,-3.11902,-60.02173,10,0,1220,-80,22
19:45:49,LTE,12:00:00,48.2,5.0,241,98.5,53.1,-3.5,1500,8.5,45,38,15.5,-3.11902,-60.02173,10,0,1221,-80,22
19:45:50,LTE,12:00:00,48.2,5.0,241,98.5,53.1,-3.5,1500,8.5,45,38,15.5,-3.11902,-60.02173,10,0,1222,-80,22
19:45:51,LTE,12:00:00,48.2,5.0,241,98.5,53.1,-3.5,1500,8.5,45,38,15.5,-3.11902,-60.02173,10,0,1223,-80,22
19:45:52,LTE,12:00:00,48.2,5.0,241,98.5,53.1,-3.5,1500,8.5,45,38,15.5,-3.11902,-60.02173,10,0,1224,-80,22
19:45:53,LTE,12:00:00,48.2,5.0,241,98.5,53.1,-3.5,1500,8.5,45,38,15.5,-3.11902,-60.02173,10,0,1225,-80,22
19:45:54,LTE,12:00:00,48.2,5.0,241,98.5,53.1,-3.5,1500,8.5,45,38,15.5,-3.11902,-60.02173,10,0,1226,-80,22
19:45:55,LTE,12:00:00,48.2,5.0,241,98.5,53.1,-3.5,1500,8.5,45,38,15.5,-3.11902,-60.02173,10,0,1227,-80,22
19:45:56,LTE,12:00:00,48.2,5.0,241,98.5,53.1,-3.5,1500,8.5,45,38,15.5,-3.11902,-60.02173,10,0,1228,-80,22
19:45:57,LTE,12:00:00,48.2,5.0,241,98.5,53.1,-3.5,1500,8.5,45,38,15.5,-3.11902,-60.02173,10,0,1229,-80,22
19:45:58,LTE,12:00:00,48.2,5.0,241,98.5,53.1,-3.5,1500,8.5,45,38,15.5,-3.11902,-60.02173,10,0,1230,-80,22
19:45:59,LTE,12:00:00,48.2,5.0,241,98.5,53.1,-3.5,1500,8.5,45,38,15.5,-3.11902,-60.02173,10,0,1231,-80,22
19:46:00,LTE,12:00:00,48.2,5.0,241,98.5,53.1,-3.5,1500,8.5,45,38,15.5,-3.11902,-60.02173,10,0,1232,-80,22
19:46:01,LTE,12:00:00,48.2,5.0,241,98.5,53.1,-3.5,1500,8.5,45,38,15.5,-3.11902,-60.02173,10,0,1233,-80,22
19:46:02,LTE,12:00:00,48.2,5.0,241,98.5,53.1,-3.5,1500,8.5,45,38,15.5,-3.11902,-60.02173,10,0,1234,-80,22
19:46:03,LTE,12:00:00,48.2,5.0,241,98.5,53.1,-3.5,1500,8.5,45,38,15.5,-3.11902,-60.02173,10,0,1235,-80,22
19:46:04,LTE,12:00:00,48.2,5.0,241,98.5,53.1,-3.5,1500,8.5,45,38,15.5,-3.11902,-60.02173,10,0,1236,-80,22
19:46:05,LTE,12:00:00,48.2,5.0,241,98.5,53.1,-3.5,1500,8.5,45,38,15.5,-3.11902,-60.02173,10,0,1237,-80,22
19:46:06,LTE,12:00:00,48.2,5.0,241,98.5,53.1,-3.5,1500,8.5,45,38,15.5,-3.11902,-60.02173,10,0,1238,-80,22
19:46:07,LTE,12:00:00,48.2,5.0,241,98.5,53.1,-3.5,1500,8.5,45,38,15.5,-3.11902,-60.02173,10,0,1239,-80,22
19:46:08,LTE,12:00:00,48.2,5.0,241,98.5,53.1,-3.5,1500,8.5,45,38,15.5,-3.11902,-60.02173,10,0,1240,-80,22
19:46:09,LTE,12:00:00,48.2,5.0,241,98.5,53.1,-3.5,1500,8.5,45,38,15.5,-3.11902,-60.02173,10,0,1241,-80,22
19:46:10,LTE,12:00:00,48.2,5.0,241,98.5,53.1,-3.5,1500,8.5,45,38,15.5,-3.11902,-60.02173,10,0,1242,-80,22
19:46:11,LTE,12:00:00,48.2,5.0,241,98.5,53.1,-3.5,1500,8.5,45,38,15.5,-3.11902,-60.02173,10,0,1243,-80,22
19:46:12,LTE,12:00:00,48.2,5.0,241,98.5,53.1,-3.5,1500,8.5,45,38,15.5,-3.11902,-60.02173,10,0,1244,-80,22
19:46:13,LTE,12:00:00,48.2,5.0,241,98.5,53.1,-3.5,1500,8.5,45,38,15.5,-3.11902,-60.02173,10,0,1245,-80,22
19:46:14,LTE,12:00:00,48.2,5.0,241,98.5,53.1,-3.5,1500,8.5,45,38,15.5,-3.11902,-60.02173,10,0,1246,-80,22
19:46:15,LTE,12:00:00,48.2,5.0,241,98.5,53.1,-3.5,1500,8.5,45,38,15.5,-3.11902,-60.02173,10,0,1247,-80,22
19:46:16,LTE,12:00:00,48.2,5.0,241,98.5,53.1,-3.5,1500,8.5,45,38,15.5,-3.11902,-60.02173,10,0,1248,-80,22
19:46:17,LTE,12:00:00,48.2,5.0,241,98.5,53.1,-3.5,1500,8.5,45,38,15.5,-3.11902,-60.02173,10,0,1249,-80,22
19:46:18,LTE,12:00:00,48.2,5.0,241,98.5,53.1,-3.5,1500,8.5,45,38,15.5,-3.11902,-60.02173,10,0,1250,-80,22
19:46:19,LTE,12:00:00,48.2,5.0,241,98.5,53.1,-3.5,1500,8.5,45,38,15.5,-3.11902,-60.02173,10,0,1251,-80,22
19:46:20,LTE,12:00:00,48.2,5.0,241,98.5,53.1,-3.5,1500,8.5,45,38,15.5,-3.11902,-60.02173,10,0,1252,-80,22
19:46:21,LTE,12:00:00,48.2,5.0,241,98.5,53.1,-3.5,1500,8.5,45,38,15.5,-3.11902,-60.02173,10,0,1253,-80,22
19:46:22,LTE,12:00:00,48.2,5.0,241,98.5,53.1,-3.5,1500,8.5,45,38,15.5,-3.11902,-60.02173,10,0,1254,-80,22
19:46:23,LTE,12:00:00,48.2,5.0,241,98.5,53.1,-3.5,1500,8.5,45,38,15.5,-3.11902,-60.02173,10,0,1255,-80,22
19:46:24,LTE,12:00:00,48.2,5.0,241,98.5,53.1,-3.5,1500,8.5,45,38,15.5,-3.11902,-60.02173,10,0,1256,-80,22
19:46:25,LTE,12:00:00,48.2,5.0,241,98.5,53.1,-3.5,1500,8.5,45,38,15.5,-3.11902,-60.02173,10,0,1257,-80,22
19:46:26,LTE,12:00:00,48.2,5.0,241,98.5,53.1,-3.5,1500,8.5,45,38,15.5,-3.11902,-60.02173,10,0,1258,-80,22
19:46:27,LTE,12:00:00,48.2,5.0,241,98.5,53.1,-3.5,1500,8.5,45,38,15.5,-3.11902,-60.02173,10,0,1259,-80,22
19:46:28,LTE,12:00:00,48.2,5.0,241,98.5,53.1,-3.5,1500,8.5,45,38,15.5,-3.11902,-60.02173,10,0,1260,-80,22
19:46:29,LTE,12:00:00,48.2,5.0,241,98.5,53.1,-3.5,1500,8.5,45,38,15.5,-3.11902,-60.02173,10,0,1261,-80,22
19:46:30,LTE,12:00:00,48.2,5.0,241,98.5,53.1,-3.5,1500,8.5,45,38,15.5,-3.11902,-60.02173,10,0,1262,-80,22
19:46:31,LTE,12:00:00,48.2,5.0,241,98.5,53.1,-3.5,1500,8.5,45,38,15.5,-3.11902,-60.02173,10,0,1263,-80,22
19:46:32,LTE,12:00:00,48.2,5.0,241,98.5,53.1,-3.5,1500,8.5,45,38,15.5,-3.11902,-60.02173,10,0,1264,-80,22
19:46:33,LTE,12:00:00,48.2,5.0,241,98.5,53.1,-3.5,1500,8.5,45,38,15.5,-3.11902,-60.02173,10,0,1265,-80,22
19:46:34,LTE,12:00:00,48.2,5.0,241,98.5,53.1,-3.5,1500,8.5,45,38,15.5,-3.11902,-60.02173,10,0,1266,-80,22
19:46:35,LTE,12:00:00,48.2,5.0,241,98.5,53.1,-3.5,1500,8.5,45,38,15.5,-3.11902,-60.02173,10,0,1267,-80,22
19:46:36,LTE,12:00:00,48.2,5.0,241,98.5,53.1,-3.5,1500,8.5,45,38,15.5,-3.11902,-60.02173,10,0,1268,-80,22
19:46:37,LTE,12:00:00,48.2,5.0,241,98.5,53.1,-3.5,1500,8.5,45,38,15.5,-3.11902,-60.02173,10,0,1269,-80,22
19:46:38,LTE,12:00:00,48.2,5.0,241,98.5,53.1,-3.5,1500,8.5,45,38,15.5,-3.11902,-60.02173,10,0,1270,-80,22
19:46:39,LTE,12:00:00,48.2,5.0,241,98.5,53.1,-3.5,1500,8.5,45,38,15.5,-3.11902,-60.02173,10,0,1271,-80,22
19:46:40,LTE,12:00:00,48.2,5.0,241,98.5,53.1,-3.5,1500,8.5,45,38,15.5,-3.11902,-60.02173,10,0,1272,-80,22
19:46:41,LTE,12:00:00,48.2,5.0,241,98.5,53.1,-3.5,1500,8.5,45,38,15.5,-3.11902,-60.02173,10,0,1273,-80,22
19:46:42,LTE,12:00:00,48.2,5.0,241,98.5,53.1,-3.5,1500,8.5,45,38,15.5,-3.11902,-60.02173,10,0,1274,-80,22
19:46:43,LTE,12:00:00,48.2,5.0,241,98.5,53.1,-3.5,1500,8.5,45,38,15.5,-3.11902,-60.02173,10,0,1275,-80,22
19:46:44,LTE,12:00:00,48.2,5.0,241,98.5,53.1,-3.5,1500,8.5,45,38,15.5,-3.11902,-60.02173,10,0,1276,-80,22
19:46:45,LTE,12:00:00,48.2,5.0,241,98.5,53.1,-3.5,1500,8.5,45,38,15.5,-3.11902,-60.02173,10,0,1277,-80,22
19:46:46,LTE,12:00:00,48.2,5.0,241,98.5,53.1,-3.5,1500,8.5,45,38,15.5,-3.11902,-60.02173,10,0,1278,-80,22
19:46:47,LTE,12:00:00,48.2,5.0,241,98.5,53.1,-3.5,1500,8.5,45,38,15.5,-3.11902,-60.02173,10,0,1279,-80,22
19:46:48,LTE,12:00:00,48.2,5.0,241,98.5,53.1,-3.5,1500,8.5,45,38,15.5,-3.11902,-60.02173,10,0,1280,-80,22
19:46:49,LTE,12:00:00,48.2,5.0,241,98.5,53.1,-3.5,1500,8.5,45,38,15.5,-3.11902,-60.02173,10,0,1281,-80,22
19:46:50,LTE,12:00:00,48.2,5.0,241,98.5,53.1,-3.5,1500,8.5,45,38,15.5,-3.11902,-60.02173,10,0,1282,-80,22
19:46:51,LTE,12:00:00,48.2,5.0,241,98.5,53.1,-3.5,1500,8.5,45,38,15.5,-3.11902,-60.02173,10,0,1283,-80,22
19:46:52,LTE,12:00:00,48.2,5.0,241,98.5,53.1,-3.5,1500,8.5,45,38,15.5,-3.11902,-60.02173,10,0,1284,-80,22
19:46:53,LTE,12:00:00,48.2,5.0,241,98.5,53.1,-3.5,1500,8.5,45,38,15.5,-3.11902,-60.02173,10,0,1285,-80,22
19:46:54,LTE,12:00:00,48.2,5.0,241,98.5,53.1,-3.5,1500,8.5,45,38,15.5,-3.11902,-60.02173,10,0,1286,-80,22
19:46:55,LTE,12:00:00,48.2,5.0,241,98.5,53.1,-3.5,1500,8.5,45,38,15.5,-3.11902,-60.02173,10,0,1287,-80,22
19:46:56,LTE,12:00:00,48.2,5.0,241,98.5,53.1,-3.5,1500,8.5,45,38,15.5,-3.11902,-60.02173,10,0,1288,-80,22
19:46:57,LTE,12:00:00,48.2,5.0,241,98.5,53.1,-3.5,1500,8.5,45,38,15.5,-3.11902,-60.02173,10,0,1289,-80,22
19:46:58,LTE,12:00:00,48.2,5.0,241,98.5,53.1,-3.5,1500,8.5,45,38,15.5,-3.11902,-60.02173,10,0,1290,-80,22
19:46:59,LTE,12:00:00,48.2,5.0,241,98.5,53.1,-3.5,1500,8.5,45,38,15.5,-3.11902,-60.02173,10,0,1291,-80,22
19:47:00,LTE,12:00:00,48.2,5.0,241,98.5,53.1,-3.5,1500,8.5,45,38,15.5,-3.11902,-60.02173,10,0,1292,-80,22
19:47:01,LTE,12:00:00,48.2,5.0,241,98.5,53.1,-3.5,1500,8.5,45,38,15.5,-3.11902,-60.02173,10,0,1293,-80,22
19:47:02,LTE,12:00:00,48.2,5.0,241,98.5,53.1,-3.5,1500,8.5,45,38,15.5,-3.11902,-60.02173,10,0,1294,-80,22
19:47:03,LTE,12:00:00,48.2,5.0,241,98.5,53.1,-3.5,1500,8.5,45,38,15.5,-3.11902,-60.02173,10,0,1295,-80,22
19:47:04,LTE,12:00:00,48.2,5.0,241,98.5,53.1,-3.5,1500,8.5,45,38,15.5,-3.11902,-60.02173,10,0,1296,-80,22
19:47:05,LTE,12:00:00,48.2,5.0,241,98.5,53.1,-3.5,1500,8.5,45,38,15.5,-3.11902,-60.02173,10,0,1297,-80,22
19:47:06,LTE,12:00:00,48.2,5.0,241,98.5,53.1,-3.5,1500,8.5,45,38,15.5,-3.11902,-60.02173,10,0,1298,-80,22
19:47:07,LTE,12:00:00,48.2,5.0,241,98.5,53.1,-3.5,1500,8.5,45,38,15.5,-3.11902,-60.02173,10,0,1299,-80,22
19:47:08,LTE,12:00:00,48.2,5.0,241,98.5,53.1,-3.5,1500,8.5,45,38,15.5,-3.11902,-60.02173,10,0,1300,-80,22
19:47:09,LTE,12:00:00,48.2,5.0,241,98.5,53.1,-3.5,1500,8.5,45,38,15.5,-3.11902,-60.02173,10,0,1301,-80,22
19:47:10,LTE,12:00:00,48.2,5.0,241,98.5,53.1,-3.5,1500,8.5,45,38,15.5,-3.11902,-60.02173,10,0,1302,-80,22
19:47:11,LTE,12:00:00,48.2,5.0,241,98.5,53.1,-3.5,1500,8.5,45,38,15.5,-3.11902,-60.02173,10,0,1303,-80,22
19:47:12,LTE,12:00:00,48.2,5.0,241,98.5,53.1,-3.5,1500,8.5,45,38,15.5,-3.11902,-60.02173,10,0,1304,-80,22
19:47:13,LTE,12:00:00,48.2,5.0,241,98.5,53.1,-3.5,1500,8.5,45,38,15.5,-3.11902,-60.02173,10,0,1305,-80,22
19:47:14,LTE,12:00:00,48.2,5.0,241,98.5,53.1,-3.5,1500,8.5,45,38,15.5,-3.11902,-60.02173,10,0,1306,-80,22
19:47:15,LTE,12:00:00,48.2,5.0,241,98.5,53.1,-3.5,1500,8.5,45,38,15.5,-3.11902,-60.02173,10,0,1307,-80,22
19:47:16,LTE,12:00:00,48.2,5.0,241,98.5,53.1,-3.5,1500,8.5,45,38,15.5,-3.11902,-60.02173,10,0,1308,-80,22
19:47:17,LTE,12:00:00,48.2,5.0,241,98.5,53.1,-3.5,1500,8.5,45,38,15.5,-3.11902,-60.02173,10,0,1309,-80,22
19:47:18,LTE,12:00:00,48.2,5.0,241,98.5,53.1,-3.5,1500,8.5,45,38,15.5,-3.11902,-60.02173,10,0,1310,-80,22
19:47:19,LTE,12:00:00,48.2,5.0,241,98.5,53.1,-3.5,1500,8.5,45,38,15.5,-3.11902,-60.02173,10,0,1311,-80,22
19:47:20,LTE,12:00:00,48.2,5.0,241,98.5,53.1,-3.5,1500,8.5,45,38,15.5,-3.11902,-60.02173,10,0,1312,-80,22
19:47:21,LTE,12:00:00,48.2,5.0,241,98.5,53.1,-3.5,1500,8.5,45,38,15.5,-3.11902,-60.02173,10,0,1313,-80,22
19:47:22,LTE,12:00:00,48.2,5.0,241,98.5,53.1,-3.5,1500,8.5,45,38,15.5,-3.11902,-60.02173,10,0,1314,-80,22
19:47:23,LTE,12:00:00,48.2,5.0,241,98.5,53.1,-3.5,1500,8.5,45,38,15.5,-3.11902,-60.02173,10,0,1315,-80,22
19:47:24,LTE,12:00:00,48.2,5.0,241,98.5,53.1,-3.5,1500,8.5,45,38,15.5,-3.11902,-60.02173,10,0,1316,-80,22
19:47:25,LTE,12:00:00,48.2,5.0,241,98.5,53.1,-3.5,1500,8.5,45,38,15.5,-3.11902,-60.02173,10,0,1317,-80,22
19:47:26,LTE,12:00:00,48.2,5.0,241,98.5,53.1,-3.5,1500,8.5,45,38,15.5,-3.11902,-60.02173,10,0,1318,-80,22
19:47:27,LTE,12:00:00,48.2,5.0,241,98.5,53.1,-3.5,1500,8.5,45,38,15.5,-3.11902,-60.02173,10,0,1319,-80,22
19:47:28,LTE,12:00:00,48.2,5.0,241,98.5,53.1,-3.5,1500,8.5,45,38,15.5,-3.11902,-60.02173,10,0,1320,-80,22
19:47:29,LTE,12:00:00,48.2,5.0,241,98.5,53.1,-3.5,1500,8.5,45,38,15.5,-3.11902,-60.02173,10,0,1321,-80,22
19:47:30,LTE,12:00:00,48.2,5.0,241,98.5,53.1,-3.5,1500,8.5,45,38,15.5,-3.11902,-60.02173,10,0,1322,-80,22
19:47:31,LTE,12:00:00,48.2,5.0,241,98.5,53.1,-3.5,1500,8.5,45,38,15.5,-3.11902,-60.02173,10,0,1323,-80,22
19:47:32,LTE,12:00:00,48.2,5.0,241,98.5,53.1,-3.5,1500,8.5,45,38,15.5,-3.11902,-60.02173,10,0,1324,-80,22
19:47:33,LTE,12:00:00,48.2,5.0,241,98.5,53.1,-3.5,1500,8.5,45,38,15.5,-3.11902,-60.02173,10,0,1325,-80,22
19:47:34,LTE,12:00:00,48.2,5.0,241,98.5,53.1,-3.5,1500,8.5,45,38,15.5,-3.11902,-60.02173,10,0,1326,-80,22
19:47:35,LTE,12:00:00,48.2,5.0,241,98.5,53.1,-3.5,1500,8.5,45,38,15.5,-3.11902,-60.02173,10,0,1327,-80,22
19:47:36,LTE,12:00:00,48.2,5.0,241,98.5,53.1,-3.5,1500,8.5,45,38,15.5,-3.11902,-60.02173,10,0,1328,-80,22
19:47:37,LTE,12:00:00,48.2,5.0,241,98.5,53.1,-3.5,1500,8.5,45,38,15.5,-3.11902,-60.02173,10,0,1329,-80,22
19:47:38,LTE,12:00:00,48.2,5.0,241,98.5,53.1,-3.5,1500,8.5,45,38,15.5,-3.11902,-60.02173,10,0,1330,-80,22
19:47:39,LTE,12:00:00,48.2,5.0,241,98.5,53.1,-3.5,1500,8.5,45,38,15.5,-3.11902,-60.02173,10,0,1331,-80,22
19:47:40,LTE,12:00:00,48.2,5.0,241,98.5,53.1,-3.5,1500,8.5,45,38,15.5,-3.11902,-60.02173,10,0,1332,-80,22
19:47:41,LTE,12:00:00,48.2,5.0,241,98.5,53.1,-3.5,1500,8.5,45,38,15.5,-3.11902,-60.02173,10,0,1333,-80,22
19:47:42,LTE,12:00:00,48.2,5.0,241,98.5,53.1,-3.5,1500,8.5,45,38,15.5,-3.11902,-60.02173,10,0,1334,-80,22
19:47:43,LTE,12:00:00,48.2,5.0,241,98.5,53.1,-3.5,1500,8.5,45,38,15.5,-3.11902,-60.02173,10,0,1335,-80,22
19:47:44,LTE,12:00:00,48.2,5.0,241,98.5,53.1,-3.5,1500,8.5,45,38,15.5,-3.11902,-60.02173,10,0,1336,-80,22
19:47:45,LTE,12:00:00,48.2,5.0,241,98.5,53.1,-3.5,1500,8.5,45,38,15.5,-3.11902,-60.02173,10,0,1337,-80,22
19:47:46,LTE,12:00:00,48.2,5.0,241,98.5,53.1,-3.5,1500,8.5,45,38,15.5,-3.11902,-60.02173,10,0,1338,-80,22
19:47:47,LTE,12:00:00,48.2,5.0,241,98.5,53.1,-3.5,1500,8.5,45,38,15.5,-3.11902,-60.02173,10,0,1339,-80,22
19:47:48,LTE,12:00:00,48.2,5.0,241,98.5,53.1,-3.5,1500,8.5,45,38,15.5,-3.11902,-60.02173,10,0,1340,-80,22
19:47:49,LTE,12:00:00,48.2,5.0,241,98.5,53.1,-3.5,1500,8.5,45,38,15.5,-3.11902,-60.02173,10,0,1341,-80,22
19:47:50,LTE,12:00:00,48.2,5.0,241,98.5,53.1,-3.5,1500,8.5,45,38,15.5,-3.11902,-60.02173,10,0,1342,-80,22
19:47:51,LTE,12:00:00,48.2,5.0,241,98.5,53.1,-3.5,1500,8.5,45,38,15.5,-3.11902,-60.02173,10,0,1343,-80,22
19:47:52,LTE,12:00:00,48.2,5.0,241,98.5,53.1,-3.5,1500,8.5,45,38,15.5,-3.11902,-60.02173,10,0,1344,-80,22
19:47:53,LTE,12:00:00,48.2,5.0,241,98.5,53.1,-3.5,1500,8.5,45,38,15.5,-3.11902,-60.02173,10,0,1345,-80,22
19:47:54,LTE,12:00:00,48.2,5.0,241,98.5,53.1,-3.5,1500,8.5,45,38,15.5,-3.11902,-60.02173,10,0,1346,-80,22
19:47:55,LTE,12:00:00,48.2,5.0,241,98.5,53.1,-3.5,1500,8.5,45,38,15.5,-3.11902,-60.02173,10,0,1347,-80,22
19:47:56,LTE,12:00:00,48.2,5.0,241,98.5,53.1,-3.5,1500,8.5,45,38,15.5,-3.11902,-60.02173,10,0,1348,-80,22
19:47:57,LTE,12:00:00,48.2,5.0,241,98.5,53.1,-3.5,1500,8.5,45,38,15.5,-3.11902,-60.02173,10,0,1349,-80,22
19:47:58,LTE,12:00:00,48.2,5.0,241,98.5,53.1,-3.5,1500,8.5,45,38,15.5,-3.11902,-60.02173,10,0,1350,-80,22
19:47:59,LTE,12:00:00,48.2,5.0,241,98.5,53.1,-3.5,1500,8.5,45,38,15.5,-3.11902,-60.02173,10,0,1351,-80,22
19:48:00,LTE,12:00:00,48.2,5.0,241,98.5,53.1,-3.5,1500,8.5,45,38,15.5,-3.11902,-60.02173,10,0,1352,-80,22
19:48:01,LTE,12:00:00,48.2,5.0,241,98.5,53.1,-3.5,1500,8.5,45,38,15.5,-3.11902,-60.02173,10,0,1353,-80,22
19:48:02,LTE,12:00:00,48.2,5.0,241,98.5,53.1,-3.5,1500,8.5,45,38,15.5,-3.11902,-60.02173,10,0,1354,-80,22
19:48:03,LTE,12:00:00,48.2,5.0,241,98.5,53.1,-3.5,1500,8.5,45,38,15.5,-3.11902,-60.02173,10,0,1355,-80,22
19:48:04,LTE,12:00:00,48.2,5.0,241,98.5,53.1,-3.5,1500,8.5,45,38,15.5,-3.11902,-60.02173,10,0,1356,-80,22
19:48:05,LTE,12:00:00,48.2,5.0,241,98.5,53.1,-3.5,1500,8.5,45,38,15.5,-3.11902,-60.02173,10,0,1357,-80,22
19:48:06,LTE,12:00:00,48.2,5.0,241,98.5,53.1,-3.5,1500,8.5,45,38,15.5,-3.11902,-60.02173,10,0,1358,-80,22
19:48:07,LTE,12:00:00,48.2,5.0,241,98.5,53.1,-3.5,1500,8.5,45,38,15.5,-3.11902,-60.02173,10,0,1359,-80,22
19:48:08,LTE,12:00:00,48.2,5.0,241,98.5,53.1,-3.5,1500,8.5,45,38,15.5,-3.11902,-60.02173,10,0,1360,-80,22
19:48:09,LTE,12:00:00,48.2,5.0,241,98.5,53.1,-3.5,1500,8.5,45,38,15.5,-3.11902,-60.02173,10,0,1361,-80,22
19:48:10,LTE,12:00:00,48.2,5.0,241,98.5,53.1,-3.5,1500,8.5,45,38,15.5,-3.11902,-60.02173,10,0,1362,-80,22
19:48:11,LTE,12:00:00,48.2,5.0,241,98.5,53.1,-3.5,1500,8.5,45,38,15.5,-3.11902,-60.02173,10,0,1363,-80,22
19:48:12,LTE,12:00:00,48.2,5.0,241,98.5,53.1,-3.5,1500,8.5,45,38,15.5,-3.11902,-60.02173,10,0,1364,-80,22
19:48:13,LTE,12:00:00,48.2,5.0,241,98.5,53.1,-3.5,1500,8.5,45,38,15.5,-3.11902,-60.02173,10,0,1365,-80,22
19:48:14,LTE,12:00:00,48.2,5.0,241,98.5,53.1,-3.5,1500,8.5,45,38,15.5,-3.11902,-60.02173,10,0,1366,-80,22
19:48:15,LTE,12:00:00,48.2,5.0,241,98.5,53.1,-3.5,1500,8.5,45,38,15.5,-3.11902,-60.02173,10,0,1367,-80,22
19:48:16,LTE,12:00:00,48.2,5.0,241,98.5,53.1,-3.5,1500,8.5,45,38,15.5,-3.11902,-60.02173,10,0,1368,-80,22
19:48:17,LTE,12:00:00,48.2,5.0,241,98.5,53.1,-3.5,1500,8.5,45,38,15.5,-3.11902,-60.02173,10,0,1369,-80,22
19:48:18,LTE,12:00:00,48.2,5.0,241,98.5,53.1,-3.5,1500,8.5,45,38,15.5,-3.11902,-60.02173,10,0,1370,-80,22
19:48:19,LTE,12:00:00,48.2,5.0,241,98.5,53.1,-3.5,1500,8.5,45,38,15.5,-3.11902,-60.02173,10,0,1371,-80,22
19:48:20,LTE,12:00:00,48.2,5.0,241,98.5,53.1,-3.5,1500,8.5,45,38,15.5,-3.11902,-60.02173,10,0,1372,-80,22
19:48:21,LTE,12:00:00,48.2,5.0,241,98.5,53.1,-3.5,1500,8.5,45,38,15.5,-3.11902,-60.02173,10,0,1373,-80,22
19:48:22,LTE,12:00:00,48.2,5.0,241,98.5,53.1,-3.5,1500,8.5,45,38,15.5,-3.11902,-60.02173,10,0,1374,-80,22
19:48:23,LTE,12:00:00,48.2,5.0,241,98.5,53.1,-3.5,1500,8.5,45,38,15.5,-3.11902,-60.02173,10,0,1375,-80,22
19:48:24,LTE,12:00:00,48.2,5.0,241,98.5,53.1,-3.5,1500,8.5,45,38,15.5,-3.11902,-60.02173,10,0,1376,-80,22
19:48:25,LTE,12:00:00,48.2,5.0,241,98.5,53.1,-3.5,1500,8.5,45,38,15.5,-3.11902,-60.02173,10,0,1377,-80,22
19:48:26,LTE,12:00:00,48.2,5.0,241,98.5,53.1,-3.5,1500,8.5,45,38,15.5,-3.11902,-60.02173,10,0,1378,-80,22
19:48:27,LTE,12:00:00,48.2,5.0,241,98.5,53.1,-3.5,1500,8.5,45,38,15.5,-3.11902,-60.02173,10,0,1379,-80,22
19:48:28,LTE,12:00:00,48.2,5.0,241,98.5,53.1,-3.5,1500,8.5,45,38,15.5,-3.11902,-60.02173,10,0,1380,-80,22
19:48:29,LTE,12:00:00,48.2,5.0,241,98.5,53.1,-3.5,1500,8.5,45,38,15.5,-3.11902,-60.02173,10,0,1381,-80,22
19:48:30,LTE,12:00:00,48.2,5.0,241,98.5,53.1,-3.5,1500,8.5,45,38,15.5,-3.11902,-60.02173,10,0,1382,-80,22
19:48:31,LTE,12:00:00,48.2,5.0,241,98.5,53.1,-3.5,1500,8.5,45,38,15.5,-3.11902,-60.02173,10,0,1383,-80,22
19:48:32,LTE,12:00:00,48.2,5.0,241,98.5,53.1,-3.5,1500,8.5,45,38,15.5,-3.11902,-60.02173,10,0,1384,-80,22
19:48:33,LTE,12:00:00,48.2,5.0,241,98.5,53.1,-3.5,1500,8.5,45,38,15.5,-3.11902,-60.02173,10,0,1385,-80,22
19:48:34,LTE,12:00:00,48.2,5.0,241,98.5,53.1,-3.5,1500,8.5,45,38,15.5,-3.11902,-60.02173,10,0,1386,-80,22
19:48:35,LTE,12:00:00,48.2,5.0,241,98.5,53.1,-3.5,1500,8.5,45,38,15.5,-3.11902,-60.02173,10,0,1387,-80,22
19:48:36,LTE,12:00:00,48.2,5.0,241,98.5,53.1,-3.5,1500,8.5,45,38,15.5,-3.11902,-60.02173,10,0,1388,-80,22
19:48:37,LTE,12:00:00,48.2,5.0,241,98.5,53.1,-3.5,1500,8.5,45,38,15.5,-3.11902,-60.02173,10,0,1389,-80,22
19:48:38,LTE,12:00:00,48.2,5.0,241,98.5,53.1,-3.5,1500,8.5,45,38,15.5,-3.11902,-60.02173,10,0,1390,-80,22
19:48:39,LTE,12:00:00,48.2,5.0,241,98.5,53.1,-3.5,1500,8.5,45,38,15.5,-3.11902,-60.02173,10,0,1391,-80,22
19:48:40,LTE,12:00:00,48.2,5.0,241,98.5,53.1,-3.5,1500,8.5,45,38,15.5,-3.11902,-60.02173,10,0,1392,-80,22
19:48:41,LTE,12:00:00,48.2,5.0,241,98.5,53.1,-3.5,1500,8.5,45,38,15.5,-3.11902,-60.02173,10,0,1393,-80,22
19:48:42,LTE,12:00:00,48.2,5.0,241,98.5,53.1,-3.5,1500,8.5,45,38,15.5,-3.11902,-60.02173,10,0,1394,-80,22
